INSERT INTO categorie (id_categorie, nom_categorie) VALUES (1,'T-Shirt');
INSERT INTO categorie (id_categorie, nom_categorie) VALUES (2,'Chemise');
INSERT INTO categorie (id_categorie, nom_categorie) VALUES (3,'Veste');
INSERT INTO categorie (id_categorie, nom_categorie) VALUES (4,'Manteau');
INSERT INTO categorie (id_categorie, nom_categorie) VALUES (5,'Pantalon');
INSERT INTO categorie (id_categorie, nom_categorie) VALUES (6,'Short');
INSERT INTO categorie (id_categorie, nom_categorie) VALUES (7,'Jupe');
INSERT INTO categorie (id_categorie, nom_categorie) VALUES (8,'Robe');
INSERT INTO categorie (id_categorie, nom_categorie) VALUES (9,'Costume');
INSERT INTO categorie (id_categorie, nom_categorie) VALUES (10,'Culotte');
INSERT INTO categorie (id_categorie, nom_categorie) VALUES (11,'Boxer');
INSERT INTO categorie (id_categorie, nom_categorie) VALUES (12,'Chaussettes');

INSERT INTO vetement (id_vetement, id_categorie, nom_vetement, description_vetement) VALUES (1,1,'T-shirt Adidas','T-shirt sportif de la marque Adidas.');
INSERT INTO vetement (id_vetement, id_categorie, nom_vetement, description_vetement) VALUES (2,1,'T-shirt simple','Le t-shirt en coton, dans sa plus simple définition !');
INSERT INTO vetement (id_vetement, id_categorie, nom_vetement, description_vetement) VALUES (3,1,'T-shirt Oracle','Un t-shirt à l''effigie de votre base de données préférée.');
INSERT INTO vetement (id_vetement, id_categorie, nom_vetement, description_vetement) VALUES (4,1,'T-shirt à capuche','Un t-shirt avec un drôle de concept, n''est-ce-pas ?');
INSERT INTO vetement (id_vetement, id_categorie, nom_vetement, description_vetement) VALUES (5,2,'Chemise à carreaux','La traditionnelle chemise à carreaux.');
INSERT INTO vetement (id_vetement, id_categorie, nom_vetement, description_vetement) VALUES (6,2,'Chemise à fleurs','Avec notre chemise à fleur, c''est l''été toute l''année !');
INSERT INTO vetement (id_vetement, id_categorie, nom_vetement, description_vetement) VALUES (7,3,'Veste en cuir','Une veste pour les vrais bikers.');
INSERT INTO vetement (id_vetement, id_categorie, nom_vetement, description_vetement) VALUES (8,4,'Manteau court','Un superbe manteau pour passer l''hiver au chaud !');
INSERT INTO vetement (id_vetement, id_categorie, nom_vetement, description_vetement) VALUES (9,5,'Jean Levis','L''incontournable Jean Levis...');
INSERT INTO vetement (id_vetement, id_categorie, nom_vetement, description_vetement) VALUES (10,5,'Chino homme','Le pantalon coloré par excellence.');
INSERT INTO vetement (id_vetement, id_categorie, nom_vetement, description_vetement) VALUES (11,5,'Jean noir','Parce que le noir, ça va avec tout !');
INSERT INTO vetement (id_vetement, id_categorie, nom_vetement, description_vetement) VALUES (12,5,'Pantalon en velours','Le velours, c''est la classe !');
INSERT INTO vetement (id_vetement, id_categorie, nom_vetement, description_vetement) VALUES (13,5,'Pantalon Skinny','Un bien joli pantalon.');
INSERT INTO vetement (id_vetement, id_categorie, nom_vetement, description_vetement) VALUES (14,6,'Short de sport Adidas','Idéal pour aller courir sur la plage !');
INSERT INTO vetement (id_vetement, id_categorie, nom_vetement, description_vetement) VALUES (15,6,'Short en jean','Un short tendance pour l''été.');
INSERT INTO vetement (id_vetement, id_categorie, nom_vetement, description_vetement) VALUES (16,8,'Robe fleurie','Une robe qui sent bon la nature.');
INSERT INTO vetement (id_vetement, id_categorie, nom_vetement, description_vetement) VALUES (17,8,'Robe ceinturée unicolore','C''est LA robe tendance du moment.');
INSERT INTO vetement (id_vetement, id_categorie, nom_vetement, description_vetement) VALUES (18,10,'Culotte confortable','Une culotte très qualitative.');
INSERT INTO vetement (id_vetement, id_categorie, nom_vetement, description_vetement) VALUES (19,11,'Boxer Calvin Klein','Le boxer qui a la classe !');
INSERT INTO vetement (id_vetement, id_categorie, nom_vetement, description_vetement) VALUES (20,12,'Chaussettes en fil d''Ecosse','Les plus confortables des chaussettes.');

INSERT INTO taille (id_taille, nom_taille) VALUES (1,'XS');
INSERT INTO taille (id_taille, nom_taille) VALUES (2,'S');
INSERT INTO taille (id_taille, nom_taille) VALUES (3,'M');
INSERT INTO taille (id_taille, nom_taille) VALUES (4,'L');
INSERT INTO taille (id_taille, nom_taille) VALUES (5,'XL');
INSERT INTO taille (id_taille, nom_taille) VALUES (6,'XXL');

INSERT INTO couleur (id_couleur, nom_couleur) VALUES (1,'Blanc');
INSERT INTO couleur (id_couleur, nom_couleur) VALUES (2,'Noir');
INSERT INTO couleur (id_couleur, nom_couleur) VALUES (3,'Rouge');
INSERT INTO couleur (id_couleur, nom_couleur) VALUES (4,'Bleu');
INSERT INTO couleur (id_couleur, nom_couleur) VALUES (5,'Gris');
INSERT INTO couleur (id_couleur, nom_couleur) VALUES (6,'Jaune');
INSERT INTO couleur (id_couleur, nom_couleur) VALUES (7,'Rose');
INSERT INTO couleur (id_couleur, nom_couleur) VALUES (8,'Violet');
INSERT INTO couleur (id_couleur, nom_couleur) VALUES (9,'Marron');
INSERT INTO couleur (id_couleur, nom_couleur) VALUES (10,'Vert');
INSERT INTO couleur (id_couleur, nom_couleur) VALUES (11,'Orange');
INSERT INTO couleur (id_couleur, nom_couleur) VALUES (12,'Anthracite');

INSERT INTO declinaison_vetement (id_declinaison, id_couleur, id_vetement, id_taille, prix_declinaison, quantite_declinaison) VALUES (1,2,1,2,24.90,3);
INSERT INTO declinaison_vetement (id_declinaison, id_couleur, id_vetement, id_taille, prix_declinaison, quantite_declinaison) VALUES (2,2,1,3,24.90,1);
INSERT INTO declinaison_vetement (id_declinaison, id_couleur, id_vetement, id_taille, prix_declinaison, quantite_declinaison) VALUES (3,2,1,4,24.90,2);
INSERT INTO declinaison_vetement (id_declinaison, id_couleur, id_vetement, id_taille, prix_declinaison, quantite_declinaison) VALUES (4,3,3,2,19.99,5);
INSERT INTO declinaison_vetement (id_declinaison, id_couleur, id_vetement, id_taille, prix_declinaison, quantite_declinaison) VALUES (5,1,3,2,21.99,3);
INSERT INTO declinaison_vetement (id_declinaison, id_couleur, id_vetement, id_taille, prix_declinaison, quantite_declinaison) VALUES (6,2,1,2,24.90,3);
INSERT INTO declinaison_vetement (id_declinaison, id_couleur, id_vetement, id_taille, prix_declinaison, quantite_declinaison) VALUES (7,2,1,2,24.90,4);
INSERT INTO declinaison_vetement (id_declinaison, id_couleur, id_vetement, id_taille, prix_declinaison, quantite_declinaison) VALUES (8,2,1,2,24.90,3);
INSERT INTO declinaison_vetement (id_declinaison, id_couleur, id_vetement, id_taille, prix_declinaison, quantite_declinaison) VALUES (9,5,4,5,39.95,10);
INSERT INTO declinaison_vetement (id_declinaison, id_couleur, id_vetement, id_taille, prix_declinaison, quantite_declinaison) VALUES (10,5,10,5,34.99,6);
INSERT INTO declinaison_vetement (id_declinaison, id_couleur, id_vetement, id_taille, prix_declinaison, quantite_declinaison) VALUES (11,6,6,6,27.99,2);
INSERT INTO declinaison_vetement (id_declinaison, id_couleur, id_vetement, id_taille, prix_declinaison, quantite_declinaison) VALUES (12,6,6,5,27.99,1);
INSERT INTO declinaison_vetement (id_declinaison, id_couleur, id_vetement, id_taille, prix_declinaison, quantite_declinaison) VALUES (13,8,16,1,69.90,7);
INSERT INTO declinaison_vetement (id_declinaison, id_couleur, id_vetement, id_taille, prix_declinaison, quantite_declinaison) VALUES (14,8,16,2,69.90,3);
INSERT INTO declinaison_vetement (id_declinaison, id_couleur, id_vetement, id_taille, prix_declinaison, quantite_declinaison) VALUES (15,8,16,3,69.90,8);
INSERT INTO declinaison_vetement (id_declinaison, id_couleur, id_vetement, id_taille, prix_declinaison, quantite_declinaison) VALUES (16,2,16,2,72.90,1);
INSERT INTO declinaison_vetement (id_declinaison, id_couleur, id_vetement, id_taille, prix_declinaison, quantite_declinaison) VALUES (17,9,12,3,45.50,5);
INSERT INTO declinaison_vetement (id_declinaison, id_couleur, id_vetement, id_taille, prix_declinaison, quantite_declinaison) VALUES (18,9,12,4,45.50,3);
INSERT INTO declinaison_vetement (id_declinaison, id_couleur, id_vetement, id_taille, prix_declinaison, quantite_declinaison) VALUES (19,12,19,3,14.90,12);
INSERT INTO declinaison_vetement (id_declinaison, id_couleur, id_vetement, id_taille, prix_declinaison, quantite_declinaison) VALUES (20,4,15,4,37.99,7);

INSERT INTO utilisateur (id_utilisateur, nom_utilisateur, prenom_utilisateur, adresse_utilisateur, email_utilisateur, mdp_utilisateur) VALUES (1,'Tamanini', 'Nicolas', '6 rue Tutilenia, Bidart, France','n.tamanini@net.estia.fr','eshop_admin');
INSERT INTO utilisateur (id_utilisateur, nom_utilisateur, prenom_utilisateur, adresse_utilisateur, email_utilisateur, mdp_utilisateur) VALUES (2,'Momas', 'Lisa', '12 Avenue du Pays Basque, Bayonne, France','l.momas@net.estia.fr','eshop_admin');
INSERT INTO utilisateur (id_utilisateur, nom_utilisateur, prenom_utilisateur, adresse_utilisateur, email_utilisateur, mdp_utilisateur) VALUES (3,'Hallyday', 'Johnny', '15 rue des Cerisiers, Paris, France','h.hallyday@olympia.fr','allumerlefeu');
INSERT INTO utilisateur (id_utilisateur, nom_utilisateur, prenom_utilisateur, adresse_utilisateur, email_utilisateur, mdp_utilisateur) VALUES (4,'Sarkozy', 'Nicolas', '85 avenue des Champs Elysées, Paris, France','n.sarko@ump.fr','quelleindignite');
INSERT INTO utilisateur (id_utilisateur, nom_utilisateur, prenom_utilisateur, adresse_utilisateur, email_utilisateur, mdp_utilisateur) VALUES (5,'Macron', 'Emmanuel', 'Palais de l''Elysée, Paris, France','e.macron@president.fr','giletjaune');
INSERT INTO utilisateur (id_utilisateur, nom_utilisateur, prenom_utilisateur, adresse_utilisateur, email_utilisateur, mdp_utilisateur) VALUES (6,'Sebastien', 'Patrick', '5 rue du Cabaret, Paris, France','p.seb@hotmail.fr','tournerlesserviettes');
INSERT INTO utilisateur (id_utilisateur, nom_utilisateur, prenom_utilisateur, adresse_utilisateur, email_utilisateur, mdp_utilisateur) VALUES (7,'Foucault', 'Jean-Pierre', '18 rue des Millionaires, Monaco','jp.foucault@riche.fr','lareponsed');
INSERT INTO utilisateur (id_utilisateur, nom_utilisateur, prenom_utilisateur, adresse_utilisateur, email_utilisateur, mdp_utilisateur) VALUES (8,'Le Pen', 'Jean-Marie', '45 avenue Jeanne d''Arc, Paris, France','jeanma.lepen@jeanneausecours.fr','nestcepas');
INSERT INTO utilisateur (id_utilisateur, nom_utilisateur, prenom_utilisateur, adresse_utilisateur, email_utilisateur, mdp_utilisateur) VALUES (9,'Manaudou', 'Laure', '6 rue de la Piscine, Marseille, France','l.manaudou@jo.fr','lapistoche');
INSERT INTO utilisateur (id_utilisateur, nom_utilisateur, prenom_utilisateur, adresse_utilisateur, email_utilisateur, mdp_utilisateur) VALUES (10,'Dion', 'Céline', '126 rue de la poutine, Montréal, Canada','c.dion@poutine.ca','caribou');
INSERT INTO utilisateur (id_utilisateur, nom_utilisateur, prenom_utilisateur, adresse_utilisateur, email_utilisateur, mdp_utilisateur) VALUES (11,'Curie', 'Marie', '65 rue des scientifiques, Paris, France','m.curie@chercheuse.fr','prixnobel');
INSERT INTO utilisateur (id_utilisateur, nom_utilisateur, prenom_utilisateur, adresse_utilisateur, email_utilisateur, mdp_utilisateur) VALUES (12,'Etchebest', 'Philippe', '13 rue des Remparts, Saint-Emilion, France','p.etchebest@cuisine.fr','cheveux');

INSERT INTO COMMANDE (id_commande, id_utilisateur, etat_commande, prix_commande) VALUES (1,3,'En cours de livraison', 49.8);
INSERT INTO COMMANDE (id_commande, id_utilisateur, etat_commande, prix_commande) VALUES (2,3,'Livrée', 21.99);
INSERT INTO COMMANDE (id_commande, id_utilisateur, etat_commande, prix_commande) VALUES (3,4,'Livrée', 86.99);
INSERT INTO COMMANDE (id_commande, id_utilisateur, etat_commande, prix_commande) VALUES (4,5,'Livrée', 150);
INSERT INTO COMMANDE (id_commande, id_utilisateur, etat_commande, prix_commande) VALUES (5,6,'En attente de paiement', 24.90);
INSERT INTO COMMANDE (id_commande, id_utilisateur, etat_commande, prix_commande) VALUES (6,7,'En cours de livraison', 39.90);
INSERT INTO COMMANDE (id_commande, id_utilisateur, etat_commande, prix_commande) VALUES (7,7,'En cours de livraison', 45.50);
INSERT INTO COMMANDE (id_commande, id_utilisateur, etat_commande, prix_commande) VALUES (8,7,'Annulée', 80.50);
INSERT INTO COMMANDE (id_commande, id_utilisateur, etat_commande, prix_commande) VALUES (9,10,'Livrée', 75.99);
INSERT INTO COMMANDE (id_commande, id_utilisateur, etat_commande, prix_commande) VALUES (10,2,'Annulée', 49.90);

INSERT INTO EST_COMMANDE (id_declinaison, id_commande, quantite_commandee) VALUES (1,1,2);
INSERT INTO EST_COMMANDE (id_declinaison, id_commande, quantite_commandee) VALUES (5,2,1);
INSERT INTO EST_COMMANDE (id_declinaison, id_commande, quantite_commandee) VALUES (8,3,1);
INSERT INTO EST_COMMANDE (id_declinaison, id_commande, quantite_commandee) VALUES (5,3,3);
INSERT INTO EST_COMMANDE (id_declinaison, id_commande, quantite_commandee) VALUES (10,3,1);
INSERT INTO EST_COMMANDE (id_declinaison, id_commande, quantite_commandee) VALUES (7,4,2);
INSERT INTO EST_COMMANDE (id_declinaison, id_commande, quantite_commandee) VALUES (7,5,1);
INSERT INTO EST_COMMANDE (id_declinaison, id_commande, quantite_commandee) VALUES (15,6,2);
INSERT INTO EST_COMMANDE (id_declinaison, id_commande, quantite_commandee) VALUES (14,7,1);
INSERT INTO EST_COMMANDE (id_declinaison, id_commande, quantite_commandee) VALUES (8,9,2);

INSERT INTO CHOISIT (id_declinaison, id_utilisateur) VALUES (1,5);
INSERT INTO CHOISIT (id_declinaison, id_utilisateur) VALUES (5,6);
INSERT INTO CHOISIT (id_declinaison, id_utilisateur) VALUES (5,7);
INSERT INTO CHOISIT (id_declinaison, id_utilisateur) VALUES (8,6);
INSERT INTO CHOISIT (id_declinaison, id_utilisateur) VALUES (15,6);
INSERT INTO CHOISIT (id_declinaison, id_utilisateur) VALUES (5,3);
INSERT INTO CHOISIT (id_declinaison, id_utilisateur) VALUES (8,9);
INSERT INTO CHOISIT (id_declinaison, id_utilisateur) VALUES (10,5);
INSERT INTO CHOISIT (id_declinaison, id_utilisateur) VALUES (8,1);
INSERT INTO CHOISIT (id_declinaison, id_utilisateur) VALUES (3,3);

commit;